"PHONESERVICE","MULTIPLELINES","INTERNETSERVICE","ONLINESECURITY","ONLINEBACKUP","DEVICEPROTECTION","TECHSUPPORT","STREAMINGTV","STREAMINGMOVIES","CHURN","USERS"
"No","No phone service","DSL","No","No","No","No","No","No","No","38"
"No","No phone service","DSL","No","No","No","No","No","No","Yes","30"
"No","No phone service","DSL","No","No","No","No","No","No","","68"
"No","No phone service","DSL","No","No","No","No","No","Yes","No","5"
"No","No phone service","DSL","No","No","No","No","No","Yes","Yes","12"
"No","No phone service","DSL","No","No","No","No","No","Yes","","17"
"No","No phone service","DSL","No","No","No","No","No","","","85"
"No","No phone service","DSL","No","No","No","No","Yes","No","No","2"
"No","No phone service","DSL","No","No","No","No","Yes","No","Yes","7"
"No","No phone service","DSL","No","No","No","No","Yes","No","","9"
"No","No phone service","DSL","No","No","No","No","Yes","Yes","No","9"
"No","No phone service","DSL","No","No","No","No","Yes","Yes","Yes","9"
"No","No phone service","DSL","No","No","No","No","Yes","Yes","","18"
"No","No phone service","DSL","No","No","No","No","Yes","","","27"
"No","No phone service","DSL","No","No","No","No","","","","112"
"No","No phone service","DSL","No","No","No","Yes","No","No","No","15"
"No","No phone service","DSL","No","No","No","Yes","No","No","Yes","6"
"No","No phone service","DSL","No","No","No","Yes","No","No","","21"
"No","No phone service","DSL","No","No","No","Yes","No","Yes","No","3"
"No","No phone service","DSL","No","No","No","Yes","No","Yes","","3"
"No","No phone service","DSL","No","No","No","Yes","No","","","24"
"No","No phone service","DSL","No","No","No","Yes","Yes","No","No","3"
"No","No phone service","DSL","No","No","No","Yes","Yes","No","Yes","2"
"No","No phone service","DSL","No","No","No","Yes","Yes","No","","5"
"No","No phone service","DSL","No","No","No","Yes","Yes","Yes","No","3"
"No","No phone service","DSL","No","No","No","Yes","Yes","Yes","Yes","2"
"No","No phone service","DSL","No","No","No","Yes","Yes","Yes","","5"
"No","No phone service","DSL","No","No","No","Yes","Yes","","","10"
"No","No phone service","DSL","No","No","No","Yes","","","","34"
"No","No phone service","DSL","No","No","No","","","","","146"
"No","No phone service","DSL","No","No","Yes","No","No","No","No","6"
"No","No phone service","DSL","No","No","Yes","No","No","No","Yes","5"
"No","No phone service","DSL","No","No","Yes","No","No","No","","11"
"No","No phone service","DSL","No","No","Yes","No","No","Yes","No","2"
"No","No phone service","DSL","No","No","Yes","No","No","Yes","Yes","4"
"No","No phone service","DSL","No","No","Yes","No","No","Yes","","6"
"No","No phone service","DSL","No","No","Yes","No","No","","","17"
"No","No phone service","DSL","No","No","Yes","No","Yes","No","Yes","4"
"No","No phone service","DSL","No","No","Yes","No","Yes","No","","4"
"No","No phone service","DSL","No","No","Yes","No","Yes","Yes","No","12"
"No","No phone service","DSL","No","No","Yes","No","Yes","Yes","Yes","9"
"No","No phone service","DSL","No","No","Yes","No","Yes","Yes","","21"
"No","No phone service","DSL","No","No","Yes","No","Yes","","","25"
"No","No phone service","DSL","No","No","Yes","No","","","","42"
"No","No phone service","DSL","No","No","Yes","Yes","No","No","No","10"
"No","No phone service","DSL","No","No","Yes","Yes","No","No","","10"
"No","No phone service","DSL","No","No","Yes","Yes","No","Yes","No","3"
"No","No phone service","DSL","No","No","Yes","Yes","No","Yes","Yes","1"
"No","No phone service","DSL","No","No","Yes","Yes","No","Yes","","4"
"No","No phone service","DSL","No","No","Yes","Yes","No","","","14"
"No","No phone service","DSL","No","No","Yes","Yes","Yes","No","No","3"
"No","No phone service","DSL","No","No","Yes","Yes","Yes","No","","3"
"No","No phone service","DSL","No","No","Yes","Yes","Yes","Yes","No","14"
"No","No phone service","DSL","No","No","Yes","Yes","Yes","Yes","","14"
"No","No phone service","DSL","No","No","Yes","Yes","Yes","","","17"
"No","No phone service","DSL","No","No","Yes","Yes","","","","31"
"No","No phone service","DSL","No","No","Yes","","","","","73"
"No","No phone service","DSL","No","No","","","","","","219"
"No","No phone service","DSL","No","Yes","No","No","No","No","No","18"
"No","No phone service","DSL","No","Yes","No","No","No","No","Yes","10"
"No","No phone service","DSL","No","Yes","No","No","No","No","","28"
"No","No phone service","DSL","No","Yes","No","No","No","Yes","No","5"
"No","No phone service","DSL","No","Yes","No","No","No","Yes","Yes","2"
"No","No phone service","DSL","No","Yes","No","No","No","Yes","","7"
"No","No phone service","DSL","No","Yes","No","No","No","","","35"
"No","No phone service","DSL","No","Yes","No","No","Yes","No","No","3"
"No","No phone service","DSL","No","Yes","No","No","Yes","No","Yes","2"
"No","No phone service","DSL","No","Yes","No","No","Yes","No","","5"
"No","No phone service","DSL","No","Yes","No","No","Yes","Yes","No","9"
"No","No phone service","DSL","No","Yes","No","No","Yes","Yes","Yes","6"
"No","No phone service","DSL","No","Yes","No","No","Yes","Yes","","15"
"No","No phone service","DSL","No","Yes","No","No","Yes","","","20"
"No","No phone service","DSL","No","Yes","No","No","","","","55"
"No","No phone service","DSL","No","Yes","No","Yes","No","No","No","11"
"No","No phone service","DSL","No","Yes","No","Yes","No","No","Yes","2"
"No","No phone service","DSL","No","Yes","No","Yes","No","No","","13"
"No","No phone service","DSL","No","Yes","No","Yes","No","Yes","No","2"
"No","No phone service","DSL","No","Yes","No","Yes","No","Yes","Yes","1"
"No","No phone service","DSL","No","Yes","No","Yes","No","Yes","","3"
"No","No phone service","DSL","No","Yes","No","Yes","No","","","16"
"No","No phone service","DSL","No","Yes","No","Yes","Yes","No","No","2"
"No","No phone service","DSL","No","Yes","No","Yes","Yes","No","","2"
"No","No phone service","DSL","No","Yes","No","Yes","Yes","Yes","No","2"
"No","No phone service","DSL","No","Yes","No","Yes","Yes","Yes","","2"
"No","No phone service","DSL","No","Yes","No","Yes","Yes","","","4"
"No","No phone service","DSL","No","Yes","No","Yes","","","","20"
"No","No phone service","DSL","No","Yes","No","","","","","75"
"No","No phone service","DSL","No","Yes","Yes","No","No","No","No","6"
"No","No phone service","DSL","No","Yes","Yes","No","No","No","Yes","2"
"No","No phone service","DSL","No","Yes","Yes","No","No","No","","8"
"No","No phone service","DSL","No","Yes","Yes","No","No","Yes","No","5"
"No","No phone service","DSL","No","Yes","Yes","No","No","Yes","Yes","3"
"No","No phone service","DSL","No","Yes","Yes","No","No","Yes","","8"
"No","No phone service","DSL","No","Yes","Yes","No","No","","","16"
"No","No phone service","DSL","No","Yes","Yes","No","Yes","No","No","3"
"No","No phone service","DSL","No","Yes","Yes","No","Yes","No","","3"
"No","No phone service","DSL","No","Yes","Yes","No","Yes","Yes","No","11"
"No","No phone service","DSL","No","Yes","Yes","No","Yes","Yes","Yes","4"
"No","No phone service","DSL","No","Yes","Yes","No","Yes","Yes","","15"
"No","No phone service","DSL","No","Yes","Yes","No","Yes","","","18"
"No","No phone service","DSL","No","Yes","Yes","No","","","","34"
"No","No phone service","DSL","No","Yes","Yes","Yes","No","No","No","5"
"No","No phone service","DSL","No","Yes","Yes","Yes","No","No","Yes","1"
"No","No phone service","DSL","No","Yes","Yes","Yes","No","No","","6"
"No","No phone service","DSL","No","Yes","Yes","Yes","No","Yes","No","3"
"No","No phone service","DSL","No","Yes","Yes","Yes","No","Yes","","3"
"No","No phone service","DSL","No","Yes","Yes","Yes","No","","","9"
"No","No phone service","DSL","No","Yes","Yes","Yes","Yes","No","No","4"
"No","No phone service","DSL","No","Yes","Yes","Yes","Yes","No","","4"
"No","No phone service","DSL","No","Yes","Yes","Yes","Yes","Yes","No","16"
"No","No phone service","DSL","No","Yes","Yes","Yes","Yes","Yes","Yes","2"
"No","No phone service","DSL","No","Yes","Yes","Yes","Yes","Yes","","18"
"No","No phone service","DSL","No","Yes","Yes","Yes","Yes","","","22"
"No","No phone service","DSL","No","Yes","Yes","Yes","","","","31"
"No","No phone service","DSL","No","Yes","Yes","","","","","65"
"No","No phone service","DSL","No","Yes","","","","","","140"
"No","No phone service","DSL","No","","","","","","","359"
"No","No phone service","DSL","Yes","No","No","No","No","No","No","15"
"No","No phone service","DSL","Yes","No","No","No","No","No","Yes","4"
"No","No phone service","DSL","Yes","No","No","No","No","No","","19"
"No","No phone service","DSL","Yes","No","No","No","No","Yes","No","3"
"No","No phone service","DSL","Yes","No","No","No","No","Yes","Yes","2"
"No","No phone service","DSL","Yes","No","No","No","No","Yes","","5"
"No","No phone service","DSL","Yes","No","No","No","No","","","24"
"No","No phone service","DSL","Yes","No","No","No","Yes","No","No","5"
"No","No phone service","DSL","Yes","No","No","No","Yes","No","","5"
"No","No phone service","DSL","Yes","No","No","No","Yes","Yes","No","4"
"No","No phone service","DSL","Yes","No","No","No","Yes","Yes","","4"
"No","No phone service","DSL","Yes","No","No","No","Yes","","","9"
"No","No phone service","DSL","Yes","No","No","No","","","","33"
"No","No phone service","DSL","Yes","No","No","Yes","No","No","No","16"
"No","No phone service","DSL","Yes","No","No","Yes","No","No","Yes","2"
"No","No phone service","DSL","Yes","No","No","Yes","No","No","","18"
"No","No phone service","DSL","Yes","No","No","Yes","No","Yes","No","4"
"No","No phone service","DSL","Yes","No","No","Yes","No","Yes","","4"
"No","No phone service","DSL","Yes","No","No","Yes","No","","","22"
"No","No phone service","DSL","Yes","No","No","Yes","Yes","No","No","6"
"No","No phone service","DSL","Yes","No","No","Yes","Yes","No","Yes","1"
"No","No phone service","DSL","Yes","No","No","Yes","Yes","No","","7"
"No","No phone service","DSL","Yes","No","No","Yes","Yes","Yes","No","2"
"No","No phone service","DSL","Yes","No","No","Yes","Yes","Yes","Yes","1"
"No","No phone service","DSL","Yes","No","No","Yes","Yes","Yes","","3"
"No","No phone service","DSL","Yes","No","No","Yes","Yes","","","10"
"No","No phone service","DSL","Yes","No","No","Yes","","","","32"
"No","No phone service","DSL","Yes","No","No","","","","","65"
"No","No phone service","DSL","Yes","No","Yes","No","No","No","No","11"
"No","No phone service","DSL","Yes","No","Yes","No","No","No","","11"
"No","No phone service","DSL","Yes","No","Yes","No","No","Yes","No","5"
"No","No phone service","DSL","Yes","No","Yes","No","No","Yes","Yes","1"
"No","No phone service","DSL","Yes","No","Yes","No","No","Yes","","6"
"No","No phone service","DSL","Yes","No","Yes","No","No","","","17"
"No","No phone service","DSL","Yes","No","Yes","No","Yes","No","No","1"
"No","No phone service","DSL","Yes","No","Yes","No","Yes","No","","1"
"No","No phone service","DSL","Yes","No","Yes","No","Yes","Yes","No","7"
"No","No phone service","DSL","Yes","No","Yes","No","Yes","Yes","Yes","1"
"No","No phone service","DSL","Yes","No","Yes","No","Yes","Yes","","8"
"No","No phone service","DSL","Yes","No","Yes","No","Yes","","","9"
"No","No phone service","DSL","Yes","No","Yes","No","","","","26"
"No","No phone service","DSL","Yes","No","Yes","Yes","No","No","No","12"
"No","No phone service","DSL","Yes","No","Yes","Yes","No","No","Yes","1"
"No","No phone service","DSL","Yes","No","Yes","Yes","No","No","","13"
"No","No phone service","DSL","Yes","No","Yes","Yes","No","Yes","No","5"
"No","No phone service","DSL","Yes","No","Yes","Yes","No","Yes","Yes","1"
"No","No phone service","DSL","Yes","No","Yes","Yes","No","Yes","","6"
"No","No phone service","DSL","Yes","No","Yes","Yes","No","","","19"
"No","No phone service","DSL","Yes","No","Yes","Yes","Yes","No","No","4"
"No","No phone service","DSL","Yes","No","Yes","Yes","Yes","No","","4"
"No","No phone service","DSL","Yes","No","Yes","Yes","Yes","Yes","No","16"
"No","No phone service","DSL","Yes","No","Yes","Yes","Yes","Yes","Yes","1"
"No","No phone service","DSL","Yes","No","Yes","Yes","Yes","Yes","","17"
"No","No phone service","DSL","Yes","No","Yes","Yes","Yes","","","21"
"No","No phone service","DSL","Yes","No","Yes","Yes","","","","40"
"No","No phone service","DSL","Yes","No","Yes","","","","","66"
"No","No phone service","DSL","Yes","No","","","","","","131"
"No","No phone service","DSL","Yes","Yes","No","No","No","No","No","7"
"No","No phone service","DSL","Yes","Yes","No","No","No","No","Yes","2"
"No","No phone service","DSL","Yes","Yes","No","No","No","No","","9"
"No","No phone service","DSL","Yes","Yes","No","No","No","Yes","No","3"
"No","No phone service","DSL","Yes","Yes","No","No","No","Yes","Yes","1"
"No","No phone service","DSL","Yes","Yes","No","No","No","Yes","","4"
"No","No phone service","DSL","Yes","Yes","No","No","No","","","13"
"No","No phone service","DSL","Yes","Yes","No","No","Yes","No","No","6"
"No","No phone service","DSL","Yes","Yes","No","No","Yes","No","","6"
"No","No phone service","DSL","Yes","Yes","No","No","Yes","Yes","No","2"
"No","No phone service","DSL","Yes","Yes","No","No","Yes","Yes","Yes","1"
"No","No phone service","DSL","Yes","Yes","No","No","Yes","Yes","","3"
"No","No phone service","DSL","Yes","Yes","No","No","Yes","","","9"
"No","No phone service","DSL","Yes","Yes","No","No","","","","22"
"No","No phone service","DSL","Yes","Yes","No","Yes","No","No","No","15"
"No","No phone service","DSL","Yes","Yes","No","Yes","No","No","","15"
"No","No phone service","DSL","Yes","Yes","No","Yes","No","Yes","No","3"
"No","No phone service","DSL","Yes","Yes","No","Yes","No","Yes","","3"
"No","No phone service","DSL","Yes","Yes","No","Yes","No","","","18"
"No","No phone service","DSL","Yes","Yes","No","Yes","Yes","No","No","3"
"No","No phone service","DSL","Yes","Yes","No","Yes","Yes","No","","3"
"No","No phone service","DSL","Yes","Yes","No","Yes","Yes","Yes","No","3"
"No","No phone service","DSL","Yes","Yes","No","Yes","Yes","Yes","","3"
"No","No phone service","DSL","Yes","Yes","No","Yes","Yes","","","6"
"No","No phone service","DSL","Yes","Yes","No","Yes","","","","24"
"No","No phone service","DSL","Yes","Yes","No","","","","","46"
"No","No phone service","DSL","Yes","Yes","Yes","No","No","No","No","7"
"No","No phone service","DSL","Yes","Yes","Yes","No","No","No","Yes","2"
"No","No phone service","DSL","Yes","Yes","Yes","No","No","No","","9"
"No","No phone service","DSL","Yes","Yes","Yes","No","No","Yes","No","3"
"No","No phone service","DSL","Yes","Yes","Yes","No","No","Yes","","3"
"No","No phone service","DSL","Yes","Yes","Yes","No","No","","","12"
"No","No phone service","DSL","Yes","Yes","Yes","No","Yes","No","No","2"
"No","No phone service","DSL","Yes","Yes","Yes","No","Yes","No","","2"
"No","No phone service","DSL","Yes","Yes","Yes","No","Yes","Yes","No","9"
"No","No phone service","DSL","Yes","Yes","Yes","No","Yes","Yes","Yes","2"
"No","No phone service","DSL","Yes","Yes","Yes","No","Yes","Yes","","11"
"No","No phone service","DSL","Yes","Yes","Yes","No","Yes","","","13"
"No","No phone service","DSL","Yes","Yes","Yes","No","","","","25"
"No","No phone service","DSL","Yes","Yes","Yes","Yes","No","No","No","8"
"No","No phone service","DSL","Yes","Yes","Yes","Yes","No","No","Yes","1"
"No","No phone service","DSL","Yes","Yes","Yes","Yes","No","No","","9"
"No","No phone service","DSL","Yes","Yes","Yes","Yes","No","Yes","No","9"
"No","No phone service","DSL","Yes","Yes","Yes","Yes","No","Yes","","9"
"No","No phone service","DSL","Yes","Yes","Yes","Yes","No","","","18"
"No","No phone service","DSL","Yes","Yes","Yes","Yes","Yes","No","No","5"
"No","No phone service","DSL","Yes","Yes","Yes","Yes","Yes","No","","5"
"No","No phone service","DSL","Yes","Yes","Yes","Yes","Yes","Yes","No","21"
"No","No phone service","DSL","Yes","Yes","Yes","Yes","Yes","Yes","","21"
"No","No phone service","DSL","Yes","Yes","Yes","Yes","Yes","","","26"
"No","No phone service","DSL","Yes","Yes","Yes","Yes","","","","44"
"No","No phone service","DSL","Yes","Yes","Yes","","","","","69"
"No","No phone service","DSL","Yes","Yes","","","","","","115"
"No","No phone service","DSL","Yes","","","","","","","246"
"No","No phone service","DSL","","","","","","","","605"
"No","No phone service","","","","","","","","","605"
"No","","","","","","","","","","605"
"Yes","No","No","No internet service","No internet service","No internet service","No internet service","No internet service","No internet service","No","951"
"Yes","No","No","No internet service","No internet service","No internet service","No internet service","No internet service","No internet service","Yes","88"
"Yes","No","No","No internet service","No internet service","No internet service","No internet service","No internet service","No internet service","","1039"
"Yes","No","No","No internet service","No internet service","No internet service","No internet service","No internet service","","","1039"
"Yes","No","No","No internet service","No internet service","No internet service","No internet service","","","","1039"
"Yes","No","No","No internet service","No internet service","No internet service","","","","","1039"
"Yes","No","No","No internet service","No internet service","","","","","","1039"
"Yes","No","No","No internet service","","","","","","","1039"
"Yes","No","No","","","","","","","","1039"
"Yes","No","DSL","No","No","No","No","No","No","No","93"
"Yes","No","DSL","No","No","No","No","No","No","Yes","59"
"Yes","No","DSL","No","No","No","No","No","No","","152"
"Yes","No","DSL","No","No","No","No","No","Yes","No","9"
"Yes","No","DSL","No","No","No","No","No","Yes","Yes","7"
"Yes","No","DSL","No","No","No","No","No","Yes","","16"
"Yes","No","DSL","No","No","No","No","No","","","168"
"Yes","No","DSL","No","No","No","No","Yes","No","No","12"
"Yes","No","DSL","No","No","No","No","Yes","No","Yes","7"
"Yes","No","DSL","No","No","No","No","Yes","No","","19"
"Yes","No","DSL","No","No","No","No","Yes","Yes","No","8"
"Yes","No","DSL","No","No","No","No","Yes","Yes","Yes","3"
"Yes","No","DSL","No","No","No","No","Yes","Yes","","11"
"Yes","No","DSL","No","No","No","No","Yes","","","30"
"Yes","No","DSL","No","No","No","No","","","","198"
"Yes","No","DSL","No","No","No","Yes","No","No","No","27"
"Yes","No","DSL","No","No","No","Yes","No","No","Yes","10"
"Yes","No","DSL","No","No","No","Yes","No","No","","37"
"Yes","No","DSL","No","No","No","Yes","No","Yes","No","5"
"Yes","No","DSL","No","No","No","Yes","No","Yes","Yes","1"
"Yes","No","DSL","No","No","No","Yes","No","Yes","","6"
"Yes","No","DSL","No","No","No","Yes","No","","","43"
"Yes","No","DSL","No","No","No","Yes","Yes","No","No","5"
"Yes","No","DSL","No","No","No","Yes","Yes","No","Yes","3"
"Yes","No","DSL","No","No","No","Yes","Yes","No","","8"
"Yes","No","DSL","No","No","No","Yes","Yes","Yes","No","5"
"Yes","No","DSL","No","No","No","Yes","Yes","Yes","Yes","2"
"Yes","No","DSL","No","No","No","Yes","Yes","Yes","","7"
"Yes","No","DSL","No","No","No","Yes","Yes","","","15"
"Yes","No","DSL","No","No","No","Yes","","","","58"
"Yes","No","DSL","No","No","No","","","","","256"
"Yes","No","DSL","No","No","Yes","No","No","No","No","14"
"Yes","No","DSL","No","No","Yes","No","No","No","Yes","13"
"Yes","No","DSL","No","No","Yes","No","No","No","","27"
"Yes","No","DSL","No","No","Yes","No","No","Yes","No","8"
"Yes","No","DSL","No","No","Yes","No","No","Yes","Yes","3"
"Yes","No","DSL","No","No","Yes","No","No","Yes","","11"
"Yes","No","DSL","No","No","Yes","No","No","","","38"
"Yes","No","DSL","No","No","Yes","No","Yes","No","No","7"
"Yes","No","DSL","No","No","Yes","No","Yes","No","Yes","1"
"Yes","No","DSL","No","No","Yes","No","Yes","No","","8"
"Yes","No","DSL","No","No","Yes","No","Yes","Yes","No","5"
"Yes","No","DSL","No","No","Yes","No","Yes","Yes","Yes","2"
"Yes","No","DSL","No","No","Yes","No","Yes","Yes","","7"
"Yes","No","DSL","No","No","Yes","No","Yes","","","15"
"Yes","No","DSL","No","No","Yes","No","","","","53"
"Yes","No","DSL","No","No","Yes","Yes","No","No","No","11"
"Yes","No","DSL","No","No","Yes","Yes","No","No","Yes","3"
"Yes","No","DSL","No","No","Yes","Yes","No","No","","14"
"Yes","No","DSL","No","No","Yes","Yes","No","Yes","No","6"
"Yes","No","DSL","No","No","Yes","Yes","No","Yes","Yes","1"
"Yes","No","DSL","No","No","Yes","Yes","No","Yes","","7"
"Yes","No","DSL","No","No","Yes","Yes","No","","","21"
"Yes","No","DSL","No","No","Yes","Yes","Yes","No","No","4"
"Yes","No","DSL","No","No","Yes","Yes","Yes","No","","4"
"Yes","No","DSL","No","No","Yes","Yes","Yes","Yes","No","12"
"Yes","No","DSL","No","No","Yes","Yes","Yes","Yes","Yes","3"
"Yes","No","DSL","No","No","Yes","Yes","Yes","Yes","","15"
"Yes","No","DSL","No","No","Yes","Yes","Yes","","","19"
"Yes","No","DSL","No","No","Yes","Yes","","","","40"
"Yes","No","DSL","No","No","Yes","","","","","93"
"Yes","No","DSL","No","No","","","","","","349"
"Yes","No","DSL","No","Yes","No","No","No","No","No","30"
"Yes","No","DSL","No","Yes","No","No","No","No","Yes","9"
"Yes","No","DSL","No","Yes","No","No","No","No","","39"
"Yes","No","DSL","No","Yes","No","No","No","Yes","No","3"
"Yes","No","DSL","No","Yes","No","No","No","Yes","","3"
"Yes","No","DSL","No","Yes","No","No","No","","","42"
"Yes","No","DSL","No","Yes","No","No","Yes","No","No","9"
"Yes","No","DSL","No","Yes","No","No","Yes","No","","9"
"Yes","No","DSL","No","Yes","No","No","Yes","Yes","No","2"
"Yes","No","DSL","No","Yes","No","No","Yes","Yes","Yes","1"
"Yes","No","DSL","No","Yes","No","No","Yes","Yes","","3"
"Yes","No","DSL","No","Yes","No","No","Yes","","","12"
"Yes","No","DSL","No","Yes","No","No","","","","54"
"Yes","No","DSL","No","Yes","No","Yes","No","No","No","16"
"Yes","No","DSL","No","Yes","No","Yes","No","No","Yes","4"
"Yes","No","DSL","No","Yes","No","Yes","No","No","","20"
"Yes","No","DSL","No","Yes","No","Yes","No","Yes","No","7"
"Yes","No","DSL","No","Yes","No","Yes","No","Yes","Yes","2"
"Yes","No","DSL","No","Yes","No","Yes","No","Yes","","9"
"Yes","No","DSL","No","Yes","No","Yes","No","","","29"
"Yes","No","DSL","No","Yes","No","Yes","Yes","No","No","4"
"Yes","No","DSL","No","Yes","No","Yes","Yes","No","Yes","1"
"Yes","No","DSL","No","Yes","No","Yes","Yes","No","","5"
"Yes","No","DSL","No","Yes","No","Yes","Yes","Yes","No","8"
"Yes","No","DSL","No","Yes","No","Yes","Yes","Yes","","8"
"Yes","No","DSL","No","Yes","No","Yes","Yes","","","13"
"Yes","No","DSL","No","Yes","No","Yes","","","","42"
"Yes","No","DSL","No","Yes","No","","","","","96"
"Yes","No","DSL","No","Yes","Yes","No","No","No","No","9"
"Yes","No","DSL","No","Yes","Yes","No","No","No","Yes","1"
"Yes","No","DSL","No","Yes","Yes","No","No","No","","10"
"Yes","No","DSL","No","Yes","Yes","No","No","Yes","No","2"
"Yes","No","DSL","No","Yes","Yes","No","No","Yes","","2"
"Yes","No","DSL","No","Yes","Yes","No","No","","","12"
"Yes","No","DSL","No","Yes","Yes","No","Yes","No","No","4"
"Yes","No","DSL","No","Yes","Yes","No","Yes","No","","4"
"Yes","No","DSL","No","Yes","Yes","No","Yes","Yes","No","4"
"Yes","No","DSL","No","Yes","Yes","No","Yes","Yes","","4"
"Yes","No","DSL","No","Yes","Yes","No","Yes","","","8"
"Yes","No","DSL","No","Yes","Yes","No","","","","20"
"Yes","No","DSL","No","Yes","Yes","Yes","No","No","No","7"
"Yes","No","DSL","No","Yes","Yes","Yes","No","No","","7"
"Yes","No","DSL","No","Yes","Yes","Yes","No","Yes","No","3"
"Yes","No","DSL","No","Yes","Yes","Yes","No","Yes","","3"
"Yes","No","DSL","No","Yes","Yes","Yes","No","","","10"
"Yes","No","DSL","No","Yes","Yes","Yes","Yes","No","No","5"
"Yes","No","DSL","No","Yes","Yes","Yes","Yes","No","Yes","1"
"Yes","No","DSL","No","Yes","Yes","Yes","Yes","No","","6"
"Yes","No","DSL","No","Yes","Yes","Yes","Yes","Yes","No","16"
"Yes","No","DSL","No","Yes","Yes","Yes","Yes","Yes","","16"
"Yes","No","DSL","No","Yes","Yes","Yes","Yes","","","22"
"Yes","No","DSL","No","Yes","Yes","Yes","","","","32"
"Yes","No","DSL","No","Yes","Yes","","","","","52"
"Yes","No","DSL","No","Yes","","","","","","148"
"Yes","No","DSL","No","","","","","","","497"
"Yes","No","DSL","Yes","No","No","No","No","No","No","34"
"Yes","No","DSL","Yes","No","No","No","No","No","Yes","14"
"Yes","No","DSL","Yes","No","No","No","No","No","","48"
"Yes","No","DSL","Yes","No","No","No","No","Yes","No","6"
"Yes","No","DSL","Yes","No","No","No","No","Yes","","6"
"Yes","No","DSL","Yes","No","No","No","No","","","54"
"Yes","No","DSL","Yes","No","No","No","Yes","No","No","5"
"Yes","No","DSL","Yes","No","No","No","Yes","No","","5"
"Yes","No","DSL","Yes","No","No","No","Yes","Yes","No","3"
"Yes","No","DSL","Yes","No","No","No","Yes","Yes","Yes","1"
"Yes","No","DSL","Yes","No","No","No","Yes","Yes","","4"
"Yes","No","DSL","Yes","No","No","No","Yes","","","9"
"Yes","No","DSL","Yes","No","No","No","","","","63"
"Yes","No","DSL","Yes","No","No","Yes","No","No","No","25"
"Yes","No","DSL","Yes","No","No","Yes","No","No","Yes","6"
"Yes","No","DSL","Yes","No","No","Yes","No","No","","31"
"Yes","No","DSL","Yes","No","No","Yes","No","Yes","No","8"
"Yes","No","DSL","Yes","No","No","Yes","No","Yes","","8"
"Yes","No","DSL","Yes","No","No","Yes","No","","","39"
"Yes","No","DSL","Yes","No","No","Yes","Yes","No","No","4"
"Yes","No","DSL","Yes","No","No","Yes","Yes","No","","4"
"Yes","No","DSL","Yes","No","No","Yes","Yes","Yes","No","7"
"Yes","No","DSL","Yes","No","No","Yes","Yes","Yes","Yes","1"
"Yes","No","DSL","Yes","No","No","Yes","Yes","Yes","","8"
"Yes","No","DSL","Yes","No","No","Yes","Yes","","","12"
"Yes","No","DSL","Yes","No","No","Yes","","","","51"
"Yes","No","DSL","Yes","No","No","","","","","114"
"Yes","No","DSL","Yes","No","Yes","No","No","No","No","15"
"Yes","No","DSL","Yes","No","Yes","No","No","No","Yes","2"
"Yes","No","DSL","Yes","No","Yes","No","No","No","","17"
"Yes","No","DSL","Yes","No","Yes","No","No","Yes","No","8"
"Yes","No","DSL","Yes","No","Yes","No","No","Yes","Yes","1"
"Yes","No","DSL","Yes","No","Yes","No","No","Yes","","9"
"Yes","No","DSL","Yes","No","Yes","No","No","","","26"
"Yes","No","DSL","Yes","No","Yes","No","Yes","No","No","4"
"Yes","No","DSL","Yes","No","Yes","No","Yes","No","Yes","1"
"Yes","No","DSL","Yes","No","Yes","No","Yes","No","","5"
"Yes","No","DSL","Yes","No","Yes","No","Yes","Yes","No","5"
"Yes","No","DSL","Yes","No","Yes","No","Yes","Yes","","5"
"Yes","No","DSL","Yes","No","Yes","No","Yes","","","10"
"Yes","No","DSL","Yes","No","Yes","No","","","","36"
"Yes","No","DSL","Yes","No","Yes","Yes","No","No","No","10"
"Yes","No","DSL","Yes","No","Yes","Yes","No","No","Yes","1"
"Yes","No","DSL","Yes","No","Yes","Yes","No","No","","11"
"Yes","No","DSL","Yes","No","Yes","Yes","No","Yes","No","8"
"Yes","No","DSL","Yes","No","Yes","Yes","No","Yes","","8"
"Yes","No","DSL","Yes","No","Yes","Yes","No","","","19"
"Yes","No","DSL","Yes","No","Yes","Yes","Yes","No","No","9"
"Yes","No","DSL","Yes","No","Yes","Yes","Yes","No","Yes","1"
"Yes","No","DSL","Yes","No","Yes","Yes","Yes","No","","10"
"Yes","No","DSL","Yes","No","Yes","Yes","Yes","Yes","No","27"
"Yes","No","DSL","Yes","No","Yes","Yes","Yes","Yes","Yes","1"
"Yes","No","DSL","Yes","No","Yes","Yes","Yes","Yes","","28"
"Yes","No","DSL","Yes","No","Yes","Yes","Yes","","","38"
"Yes","No","DSL","Yes","No","Yes","Yes","","","","57"
"Yes","No","DSL","Yes","No","Yes","","","","","93"
"Yes","No","DSL","Yes","No","","","","","","207"
"Yes","No","DSL","Yes","Yes","No","No","No","No","No","30"
"Yes","No","DSL","Yes","Yes","No","No","No","No","Yes","8"
"Yes","No","DSL","Yes","Yes","No","No","No","No","","38"
"Yes","No","DSL","Yes","Yes","No","No","No","Yes","No","4"
"Yes","No","DSL","Yes","Yes","No","No","No","Yes","","4"
"Yes","No","DSL","Yes","Yes","No","No","No","","","42"
"Yes","No","DSL","Yes","Yes","No","No","Yes","No","No","4"
"Yes","No","DSL","Yes","Yes","No","No","Yes","No","Yes","1"
"Yes","No","DSL","Yes","Yes","No","No","Yes","No","","5"
"Yes","No","DSL","Yes","Yes","No","No","Yes","Yes","No","6"
"Yes","No","DSL","Yes","Yes","No","No","Yes","Yes","Yes","1"
"Yes","No","DSL","Yes","Yes","No","No","Yes","Yes","","7"
"Yes","No","DSL","Yes","Yes","No","No","Yes","","","12"
"Yes","No","DSL","Yes","Yes","No","No","","","","54"
"Yes","No","DSL","Yes","Yes","No","Yes","No","No","No","28"
"Yes","No","DSL","Yes","Yes","No","Yes","No","No","Yes","3"
"Yes","No","DSL","Yes","Yes","No","Yes","No","No","","31"
"Yes","No","DSL","Yes","Yes","No","Yes","No","Yes","No","13"
"Yes","No","DSL","Yes","Yes","No","Yes","No","Yes","","13"
"Yes","No","DSL","Yes","Yes","No","Yes","No","","","44"
"Yes","No","DSL","Yes","Yes","No","Yes","Yes","No","No","10"
"Yes","No","DSL","Yes","Yes","No","Yes","Yes","No","Yes","1"
"Yes","No","DSL","Yes","Yes","No","Yes","Yes","No","","11"
"Yes","No","DSL","Yes","Yes","No","Yes","Yes","Yes","No","9"
"Yes","No","DSL","Yes","Yes","No","Yes","Yes","Yes","Yes","1"
"Yes","No","DSL","Yes","Yes","No","Yes","Yes","Yes","","10"
"Yes","No","DSL","Yes","Yes","No","Yes","Yes","","","21"
"Yes","No","DSL","Yes","Yes","No","Yes","","","","65"
"Yes","No","DSL","Yes","Yes","No","","","","","119"
"Yes","No","DSL","Yes","Yes","Yes","No","No","No","No","18"
"Yes","No","DSL","Yes","Yes","Yes","No","No","No","Yes","2"
"Yes","No","DSL","Yes","Yes","Yes","No","No","No","","20"
"Yes","No","DSL","Yes","Yes","Yes","No","No","Yes","No","3"
"Yes","No","DSL","Yes","Yes","Yes","No","No","Yes","Yes","1"
"Yes","No","DSL","Yes","Yes","Yes","No","No","Yes","","4"
"Yes","No","DSL","Yes","Yes","Yes","No","No","","","24"
"Yes","No","DSL","Yes","Yes","Yes","No","Yes","No","No","5"
"Yes","No","DSL","Yes","Yes","Yes","No","Yes","No","","5"
"Yes","No","DSL","Yes","Yes","Yes","No","Yes","Yes","No","4"
"Yes","No","DSL","Yes","Yes","Yes","No","Yes","Yes","","4"
"Yes","No","DSL","Yes","Yes","Yes","No","Yes","","","9"
"Yes","No","DSL","Yes","Yes","Yes","No","","","","33"
"Yes","No","DSL","Yes","Yes","Yes","Yes","No","No","No","13"
"Yes","No","DSL","Yes","Yes","Yes","Yes","No","No","Yes","1"
"Yes","No","DSL","Yes","Yes","Yes","Yes","No","No","","14"
"Yes","No","DSL","Yes","Yes","Yes","Yes","No","Yes","No","8"
"Yes","No","DSL","Yes","Yes","Yes","Yes","No","Yes","Yes","1"
"Yes","No","DSL","Yes","Yes","Yes","Yes","No","Yes","","9"
"Yes","No","DSL","Yes","Yes","Yes","Yes","No","","","23"
"Yes","No","DSL","Yes","Yes","Yes","Yes","Yes","No","No","12"
"Yes","No","DSL","Yes","Yes","Yes","Yes","Yes","No","","12"
"Yes","No","DSL","Yes","Yes","Yes","Yes","Yes","Yes","No","25"
"Yes","No","DSL","Yes","Yes","Yes","Yes","Yes","Yes","Yes","1"
"Yes","No","DSL","Yes","Yes","Yes","Yes","Yes","Yes","","26"
"Yes","No","DSL","Yes","Yes","Yes","Yes","Yes","","","38"
"Yes","No","DSL","Yes","Yes","Yes","Yes","","","","61"
"Yes","No","DSL","Yes","Yes","Yes","","","","","94"
"Yes","No","DSL","Yes","Yes","","","","","","213"
"Yes","No","DSL","Yes","","","","","","","420"
"Yes","No","DSL","","","","","","","","917"
"Yes","No","Fiber optic","No","No","No","No","No","No","No","86"
"Yes","No","Fiber optic","No","No","No","No","No","No","Yes","116"
"Yes","No","Fiber optic","No","No","No","No","No","No","","202"
"Yes","No","Fiber optic","No","No","No","No","No","Yes","No","17"
"Yes","No","Fiber optic","No","No","No","No","No","Yes","Yes","35"
"Yes","No","Fiber optic","No","No","No","No","No","Yes","","52"
"Yes","No","Fiber optic","No","No","No","No","No","","","254"
"Yes","No","Fiber optic","No","No","No","No","Yes","No","No","16"
"Yes","No","Fiber optic","No","No","No","No","Yes","No","Yes","42"
"Yes","No","Fiber optic","No","No","No","No","Yes","No","","58"
"Yes","No","Fiber optic","No","No","No","No","Yes","Yes","No","25"
"Yes","No","Fiber optic","No","No","No","No","Yes","Yes","Yes","41"
"Yes","No","Fiber optic","No","No","No","No","Yes","Yes","","66"
"Yes","No","Fiber optic","No","No","No","No","Yes","","","124"
"Yes","No","Fiber optic","No","No","No","No","","","","378"
"Yes","No","Fiber optic","No","No","No","Yes","No","No","No","9"
"Yes","No","Fiber optic","No","No","No","Yes","No","No","Yes","1"
"Yes","No","Fiber optic","No","No","No","Yes","No","No","","10"
"Yes","No","Fiber optic","No","No","No","Yes","No","Yes","No","3"
"Yes","No","Fiber optic","No","No","No","Yes","No","Yes","Yes","1"
"Yes","No","Fiber optic","No","No","No","Yes","No","Yes","","4"
"Yes","No","Fiber optic","No","No","No","Yes","No","","","14"
"Yes","No","Fiber optic","No","No","No","Yes","Yes","No","No","4"
"Yes","No","Fiber optic","No","No","No","Yes","Yes","No","Yes","3"
"Yes","No","Fiber optic","No","No","No","Yes","Yes","No","","7"
"Yes","No","Fiber optic","No","No","No","Yes","Yes","Yes","No","8"
"Yes","No","Fiber optic","No","No","No","Yes","Yes","Yes","Yes","4"
"Yes","No","Fiber optic","No","No","No","Yes","Yes","Yes","","12"
"Yes","No","Fiber optic","No","No","No","Yes","Yes","","","19"
"Yes","No","Fiber optic","No","No","No","Yes","","","","33"
"Yes","No","Fiber optic","No","No","No","","","","","411"
"Yes","No","Fiber optic","No","No","Yes","No","No","No","No","19"
"Yes","No","Fiber optic","No","No","Yes","No","No","No","Yes","14"
"Yes","No","Fiber optic","No","No","Yes","No","No","No","","33"
"Yes","No","Fiber optic","No","No","Yes","No","No","Yes","No","9"
"Yes","No","Fiber optic","No","No","Yes","No","No","Yes","Yes","5"
"Yes","No","Fiber optic","No","No","Yes","No","No","Yes","","14"
"Yes","No","Fiber optic","No","No","Yes","No","No","","","47"
"Yes","No","Fiber optic","No","No","Yes","No","Yes","No","No","8"
"Yes","No","Fiber optic","No","No","Yes","No","Yes","No","Yes","8"
"Yes","No","Fiber optic","No","No","Yes","No","Yes","No","","16"
"Yes","No","Fiber optic","No","No","Yes","No","Yes","Yes","No","19"
"Yes","No","Fiber optic","No","No","Yes","No","Yes","Yes","Yes","23"
"Yes","No","Fiber optic","No","No","Yes","No","Yes","Yes","","42"
"Yes","No","Fiber optic","No","No","Yes","No","Yes","","","58"
"Yes","No","Fiber optic","No","No","Yes","No","","","","105"
"Yes","No","Fiber optic","No","No","Yes","Yes","No","No","No","5"
"Yes","No","Fiber optic","No","No","Yes","Yes","No","No","Yes","4"
"Yes","No","Fiber optic","No","No","Yes","Yes","No","No","","9"
"Yes","No","Fiber optic","No","No","Yes","Yes","No","Yes","No","8"
"Yes","No","Fiber optic","No","No","Yes","Yes","No","Yes","Yes","3"
"Yes","No","Fiber optic","No","No","Yes","Yes","No","Yes","","11"
"Yes","No","Fiber optic","No","No","Yes","Yes","No","","","20"
"Yes","No","Fiber optic","No","No","Yes","Yes","Yes","No","No","5"
"Yes","No","Fiber optic","No","No","Yes","Yes","Yes","No","Yes","1"
"Yes","No","Fiber optic","No","No","Yes","Yes","Yes","No","","6"
"Yes","No","Fiber optic","No","No","Yes","Yes","Yes","Yes","No","12"
"Yes","No","Fiber optic","No","No","Yes","Yes","Yes","Yes","Yes","5"
"Yes","No","Fiber optic","No","No","Yes","Yes","Yes","Yes","","17"
"Yes","No","Fiber optic","No","No","Yes","Yes","Yes","","","23"
"Yes","No","Fiber optic","No","No","Yes","Yes","","","","43"
"Yes","No","Fiber optic","No","No","Yes","","","","","148"
"Yes","No","Fiber optic","No","No","","","","","","559"
"Yes","No","Fiber optic","No","Yes","No","No","No","No","No","19"
"Yes","No","Fiber optic","No","Yes","No","No","No","No","Yes","21"
"Yes","No","Fiber optic","No","Yes","No","No","No","No","","40"
"Yes","No","Fiber optic","No","Yes","No","No","No","Yes","No","8"
"Yes","No","Fiber optic","No","Yes","No","No","No","Yes","Yes","10"
"Yes","No","Fiber optic","No","Yes","No","No","No","Yes","","18"
"Yes","No","Fiber optic","No","Yes","No","No","No","","","58"
"Yes","No","Fiber optic","No","Yes","No","No","Yes","No","No","10"
"Yes","No","Fiber optic","No","Yes","No","No","Yes","No","Yes","5"
"Yes","No","Fiber optic","No","Yes","No","No","Yes","No","","15"
"Yes","No","Fiber optic","No","Yes","No","No","Yes","Yes","No","17"
"Yes","No","Fiber optic","No","Yes","No","No","Yes","Yes","Yes","8"
"Yes","No","Fiber optic","No","Yes","No","No","Yes","Yes","","25"
"Yes","No","Fiber optic","No","Yes","No","No","Yes","","","40"
"Yes","No","Fiber optic","No","Yes","No","No","","","","98"
"Yes","No","Fiber optic","No","Yes","No","Yes","No","No","No","8"
"Yes","No","Fiber optic","No","Yes","No","Yes","No","No","Yes","1"
"Yes","No","Fiber optic","No","Yes","No","Yes","No","No","","9"
"Yes","No","Fiber optic","No","Yes","No","Yes","No","Yes","No","1"
"Yes","No","Fiber optic","No","Yes","No","Yes","No","Yes","Yes","2"
"Yes","No","Fiber optic","No","Yes","No","Yes","No","Yes","","3"
"Yes","No","Fiber optic","No","Yes","No","Yes","No","","","12"
"Yes","No","Fiber optic","No","Yes","No","Yes","Yes","No","No","5"
"Yes","No","Fiber optic","No","Yes","No","Yes","Yes","No","Yes","1"
"Yes","No","Fiber optic","No","Yes","No","Yes","Yes","No","","6"
"Yes","No","Fiber optic","No","Yes","No","Yes","Yes","Yes","No","8"
"Yes","No","Fiber optic","No","Yes","No","Yes","Yes","Yes","Yes","6"
"Yes","No","Fiber optic","No","Yes","No","Yes","Yes","Yes","","14"
"Yes","No","Fiber optic","No","Yes","No","Yes","Yes","","","20"
"Yes","No","Fiber optic","No","Yes","No","Yes","","","","32"
"Yes","No","Fiber optic","No","Yes","No","","","","","130"
"Yes","No","Fiber optic","No","Yes","Yes","No","No","No","No","9"
"Yes","No","Fiber optic","No","Yes","Yes","No","No","No","Yes","5"
"Yes","No","Fiber optic","No","Yes","Yes","No","No","No","","14"
"Yes","No","Fiber optic","No","Yes","Yes","No","No","Yes","No","10"
"Yes","No","Fiber optic","No","Yes","Yes","No","No","Yes","Yes","2"
"Yes","No","Fiber optic","No","Yes","Yes","No","No","Yes","","12"
"Yes","No","Fiber optic","No","Yes","Yes","No","No","","","26"
"Yes","No","Fiber optic","No","Yes","Yes","No","Yes","No","No","6"
"Yes","No","Fiber optic","No","Yes","Yes","No","Yes","No","Yes","5"
"Yes","No","Fiber optic","No","Yes","Yes","No","Yes","No","","11"
"Yes","No","Fiber optic","No","Yes","Yes","No","Yes","Yes","No","15"
"Yes","No","Fiber optic","No","Yes","Yes","No","Yes","Yes","Yes","10"
"Yes","No","Fiber optic","No","Yes","Yes","No","Yes","Yes","","25"
"Yes","No","Fiber optic","No","Yes","Yes","No","Yes","","","36"
"Yes","No","Fiber optic","No","Yes","Yes","No","","","","62"
"Yes","No","Fiber optic","No","Yes","Yes","Yes","No","No","No","7"
"Yes","No","Fiber optic","No","Yes","Yes","Yes","No","No","Yes","3"
"Yes","No","Fiber optic","No","Yes","Yes","Yes","No","No","","10"
"Yes","No","Fiber optic","No","Yes","Yes","Yes","No","Yes","No","3"
"Yes","No","Fiber optic","No","Yes","Yes","Yes","No","Yes","Yes","1"
"Yes","No","Fiber optic","No","Yes","Yes","Yes","No","Yes","","4"
"Yes","No","Fiber optic","No","Yes","Yes","Yes","No","","","14"
"Yes","No","Fiber optic","No","Yes","Yes","Yes","Yes","No","No","3"
"Yes","No","Fiber optic","No","Yes","Yes","Yes","Yes","No","Yes","3"
"Yes","No","Fiber optic","No","Yes","Yes","Yes","Yes","No","","6"
"Yes","No","Fiber optic","No","Yes","Yes","Yes","Yes","Yes","No","11"
"Yes","No","Fiber optic","No","Yes","Yes","Yes","Yes","Yes","Yes","4"
"Yes","No","Fiber optic","No","Yes","Yes","Yes","Yes","Yes","","15"
"Yes","No","Fiber optic","No","Yes","Yes","Yes","Yes","","","21"
"Yes","No","Fiber optic","No","Yes","Yes","Yes","","","","35"
"Yes","No","Fiber optic","No","Yes","Yes","","","","","97"
"Yes","No","Fiber optic","No","Yes","","","","","","227"
"Yes","No","Fiber optic","No","","","","","","","786"
"Yes","No","Fiber optic","Yes","No","No","No","No","No","No","20"
"Yes","No","Fiber optic","Yes","No","No","No","No","No","Yes","14"
"Yes","No","Fiber optic","Yes","No","No","No","No","No","","34"
"Yes","No","Fiber optic","Yes","No","No","No","No","Yes","No","4"
"Yes","No","Fiber optic","Yes","No","No","No","No","Yes","Yes","4"
"Yes","No","Fiber optic","Yes","No","No","No","No","Yes","","8"
"Yes","No","Fiber optic","Yes","No","No","No","No","","","42"
"Yes","No","Fiber optic","Yes","No","No","No","Yes","No","No","3"
"Yes","No","Fiber optic","Yes","No","No","No","Yes","No","Yes","5"
"Yes","No","Fiber optic","Yes","No","No","No","Yes","No","","8"
"Yes","No","Fiber optic","Yes","No","No","No","Yes","Yes","No","5"
"Yes","No","Fiber optic","Yes","No","No","No","Yes","Yes","Yes","6"
"Yes","No","Fiber optic","Yes","No","No","No","Yes","Yes","","11"
"Yes","No","Fiber optic","Yes","No","No","No","Yes","","","19"
"Yes","No","Fiber optic","Yes","No","No","No","","","","61"
"Yes","No","Fiber optic","Yes","No","No","Yes","No","No","No","1"
"Yes","No","Fiber optic","Yes","No","No","Yes","No","No","Yes","1"
"Yes","No","Fiber optic","Yes","No","No","Yes","No","No","","2"
"Yes","No","Fiber optic","Yes","No","No","Yes","No","Yes","No","2"
"Yes","No","Fiber optic","Yes","No","No","Yes","No","Yes","","2"
"Yes","No","Fiber optic","Yes","No","No","Yes","No","","","4"
"Yes","No","Fiber optic","Yes","No","No","Yes","Yes","No","No","1"
"Yes","No","Fiber optic","Yes","No","No","Yes","Yes","No","Yes","1"
"Yes","No","Fiber optic","Yes","No","No","Yes","Yes","No","","2"
"Yes","No","Fiber optic","Yes","No","No","Yes","Yes","Yes","No","4"
"Yes","No","Fiber optic","Yes","No","No","Yes","Yes","Yes","Yes","2"
"Yes","No","Fiber optic","Yes","No","No","Yes","Yes","Yes","","6"
"Yes","No","Fiber optic","Yes","No","No","Yes","Yes","","","8"
"Yes","No","Fiber optic","Yes","No","No","Yes","","","","12"
"Yes","No","Fiber optic","Yes","No","No","","","","","73"
"Yes","No","Fiber optic","Yes","No","Yes","No","No","No","No","7"
"Yes","No","Fiber optic","Yes","No","Yes","No","No","No","Yes","1"
"Yes","No","Fiber optic","Yes","No","Yes","No","No","No","","8"
"Yes","No","Fiber optic","Yes","No","Yes","No","No","Yes","No","3"
"Yes","No","Fiber optic","Yes","No","Yes","No","No","Yes","Yes","1"
"Yes","No","Fiber optic","Yes","No","Yes","No","No","Yes","","4"
"Yes","No","Fiber optic","Yes","No","Yes","No","No","","","12"
"Yes","No","Fiber optic","Yes","No","Yes","No","Yes","No","No","4"
"Yes","No","Fiber optic","Yes","No","Yes","No","Yes","No","Yes","1"
"Yes","No","Fiber optic","Yes","No","Yes","No","Yes","No","","5"
"Yes","No","Fiber optic","Yes","No","Yes","No","Yes","Yes","No","8"
"Yes","No","Fiber optic","Yes","No","Yes","No","Yes","Yes","Yes","2"
"Yes","No","Fiber optic","Yes","No","Yes","No","Yes","Yes","","10"
"Yes","No","Fiber optic","Yes","No","Yes","No","Yes","","","15"
"Yes","No","Fiber optic","Yes","No","Yes","No","","","","27"
"Yes","No","Fiber optic","Yes","No","Yes","Yes","No","No","No","5"
"Yes","No","Fiber optic","Yes","No","Yes","Yes","No","No","","5"
"Yes","No","Fiber optic","Yes","No","Yes","Yes","No","Yes","No","3"
"Yes","No","Fiber optic","Yes","No","Yes","Yes","No","Yes","Yes","2"
"Yes","No","Fiber optic","Yes","No","Yes","Yes","No","Yes","","5"
"Yes","No","Fiber optic","Yes","No","Yes","Yes","No","","","10"
"Yes","No","Fiber optic","Yes","No","Yes","Yes","Yes","No","Yes","1"
"Yes","No","Fiber optic","Yes","No","Yes","Yes","Yes","No","","1"
"Yes","No","Fiber optic","Yes","No","Yes","Yes","Yes","Yes","No","10"
"Yes","No","Fiber optic","Yes","No","Yes","Yes","Yes","Yes","Yes","4"
"Yes","No","Fiber optic","Yes","No","Yes","Yes","Yes","Yes","","14"
"Yes","No","Fiber optic","Yes","No","Yes","Yes","Yes","","","15"
"Yes","No","Fiber optic","Yes","No","Yes","Yes","","","","25"
"Yes","No","Fiber optic","Yes","No","Yes","","","","","52"
"Yes","No","Fiber optic","Yes","No","","","","","","125"
"Yes","No","Fiber optic","Yes","Yes","No","No","No","No","No","8"
"Yes","No","Fiber optic","Yes","Yes","No","No","No","No","Yes","4"
"Yes","No","Fiber optic","Yes","Yes","No","No","No","No","","12"
"Yes","No","Fiber optic","Yes","Yes","No","No","No","Yes","No","3"
"Yes","No","Fiber optic","Yes","Yes","No","No","No","Yes","Yes","1"
"Yes","No","Fiber optic","Yes","Yes","No","No","No","Yes","","4"
"Yes","No","Fiber optic","Yes","Yes","No","No","No","","","16"
"Yes","No","Fiber optic","Yes","Yes","No","No","Yes","No","No","2"
"Yes","No","Fiber optic","Yes","Yes","No","No","Yes","No","","2"
"Yes","No","Fiber optic","Yes","Yes","No","No","Yes","Yes","No","8"
"Yes","No","Fiber optic","Yes","Yes","No","No","Yes","Yes","Yes","1"
"Yes","No","Fiber optic","Yes","Yes","No","No","Yes","Yes","","9"
"Yes","No","Fiber optic","Yes","Yes","No","No","Yes","","","11"
"Yes","No","Fiber optic","Yes","Yes","No","No","","","","27"
"Yes","No","Fiber optic","Yes","Yes","No","Yes","No","No","No","5"
"Yes","No","Fiber optic","Yes","Yes","No","Yes","No","No","Yes","1"
"Yes","No","Fiber optic","Yes","Yes","No","Yes","No","No","","6"
"Yes","No","Fiber optic","Yes","Yes","No","Yes","No","Yes","No","6"
"Yes","No","Fiber optic","Yes","Yes","No","Yes","No","Yes","","6"
"Yes","No","Fiber optic","Yes","Yes","No","Yes","No","","","12"
"Yes","No","Fiber optic","Yes","Yes","No","Yes","Yes","No","No","2"
"Yes","No","Fiber optic","Yes","Yes","No","Yes","Yes","No","","2"
"Yes","No","Fiber optic","Yes","Yes","No","Yes","Yes","Yes","No","6"
"Yes","No","Fiber optic","Yes","Yes","No","Yes","Yes","Yes","Yes","4"
"Yes","No","Fiber optic","Yes","Yes","No","Yes","Yes","Yes","","10"
"Yes","No","Fiber optic","Yes","Yes","No","Yes","Yes","","","12"
"Yes","No","Fiber optic","Yes","Yes","No","Yes","","","","24"
"Yes","No","Fiber optic","Yes","Yes","No","","","","","51"
"Yes","No","Fiber optic","Yes","Yes","Yes","No","No","No","No","5"
"Yes","No","Fiber optic","Yes","Yes","Yes","No","No","No","Yes","1"
"Yes","No","Fiber optic","Yes","Yes","Yes","No","No","No","","6"
"Yes","No","Fiber optic","Yes","Yes","Yes","No","No","Yes","No","5"
"Yes","No","Fiber optic","Yes","Yes","Yes","No","No","Yes","","5"
"Yes","No","Fiber optic","Yes","Yes","Yes","No","No","","","11"
"Yes","No","Fiber optic","Yes","Yes","Yes","No","Yes","No","No","2"
"Yes","No","Fiber optic","Yes","Yes","Yes","No","Yes","No","","2"
"Yes","No","Fiber optic","Yes","Yes","Yes","No","Yes","Yes","No","6"
"Yes","No","Fiber optic","Yes","Yes","Yes","No","Yes","Yes","Yes","2"
"Yes","No","Fiber optic","Yes","Yes","Yes","No","Yes","Yes","","8"
"Yes","No","Fiber optic","Yes","Yes","Yes","No","Yes","","","10"
"Yes","No","Fiber optic","Yes","Yes","Yes","No","","","","21"
"Yes","No","Fiber optic","Yes","Yes","Yes","Yes","No","Yes","No","2"
"Yes","No","Fiber optic","Yes","Yes","Yes","Yes","No","Yes","Yes","1"
"Yes","No","Fiber optic","Yes","Yes","Yes","Yes","No","Yes","","3"
"Yes","No","Fiber optic","Yes","Yes","Yes","Yes","No","","","3"
"Yes","No","Fiber optic","Yes","Yes","Yes","Yes","Yes","No","No","4"
"Yes","No","Fiber optic","Yes","Yes","Yes","Yes","Yes","No","","4"
"Yes","No","Fiber optic","Yes","Yes","Yes","Yes","Yes","Yes","No","15"
"Yes","No","Fiber optic","Yes","Yes","Yes","Yes","Yes","Yes","Yes","3"
"Yes","No","Fiber optic","Yes","Yes","Yes","Yes","Yes","Yes","","18"
"Yes","No","Fiber optic","Yes","Yes","Yes","Yes","Yes","","","22"
"Yes","No","Fiber optic","Yes","Yes","Yes","Yes","","","","25"
"Yes","No","Fiber optic","Yes","Yes","Yes","","","","","46"
"Yes","No","Fiber optic","Yes","Yes","","","","","","97"
"Yes","No","Fiber optic","Yes","","","","","","","222"
"Yes","No","Fiber optic","","","","","","","","1008"
"Yes","No","","","","","","","","","2964"
"Yes","Yes","No","No internet service","No internet service","No internet service","No internet service","No internet service","No internet service","No","291"
"Yes","Yes","No","No internet service","No internet service","No internet service","No internet service","No internet service","No internet service","Yes","8"
"Yes","Yes","No","No internet service","No internet service","No internet service","No internet service","No internet service","No internet service","","299"
"Yes","Yes","No","No internet service","No internet service","No internet service","No internet service","No internet service","","","299"
"Yes","Yes","No","No internet service","No internet service","No internet service","No internet service","","","","299"
"Yes","Yes","No","No internet service","No internet service","No internet service","","","","","299"
"Yes","Yes","No","No internet service","No internet service","","","","","","299"
"Yes","Yes","No","No internet service","","","","","","","299"
"Yes","Yes","No","","","","","","","","299"
"Yes","Yes","DSL","No","No","No","No","No","No","No","26"
"Yes","Yes","DSL","No","No","No","No","No","No","Yes","10"
"Yes","Yes","DSL","No","No","No","No","No","No","","36"
"Yes","Yes","DSL","No","No","No","No","No","Yes","No","4"
"Yes","Yes","DSL","No","No","No","No","No","Yes","Yes","3"
"Yes","Yes","DSL","No","No","No","No","No","Yes","","7"
"Yes","Yes","DSL","No","No","No","No","No","","","43"
"Yes","Yes","DSL","No","No","No","No","Yes","No","No","4"
"Yes","Yes","DSL","No","No","No","No","Yes","No","Yes","1"
"Yes","Yes","DSL","No","No","No","No","Yes","No","","5"
"Yes","Yes","DSL","No","No","No","No","Yes","Yes","No","3"
"Yes","Yes","DSL","No","No","No","No","Yes","Yes","Yes","2"
"Yes","Yes","DSL","No","No","No","No","Yes","Yes","","5"
"Yes","Yes","DSL","No","No","No","No","Yes","","","10"
"Yes","Yes","DSL","No","No","No","No","","","","53"
"Yes","Yes","DSL","No","No","No","Yes","No","No","No","4"
"Yes","Yes","DSL","No","No","No","Yes","No","No","Yes","1"
"Yes","Yes","DSL","No","No","No","Yes","No","No","","5"
"Yes","Yes","DSL","No","No","No","Yes","No","Yes","No","3"
"Yes","Yes","DSL","No","No","No","Yes","No","Yes","Yes","1"
"Yes","Yes","DSL","No","No","No","Yes","No","Yes","","4"
"Yes","Yes","DSL","No","No","No","Yes","No","","","9"
"Yes","Yes","DSL","No","No","No","Yes","Yes","No","No","7"
"Yes","Yes","DSL","No","No","No","Yes","Yes","No","Yes","1"
"Yes","Yes","DSL","No","No","No","Yes","Yes","No","","8"
"Yes","Yes","DSL","No","No","No","Yes","Yes","Yes","No","6"
"Yes","Yes","DSL","No","No","No","Yes","Yes","Yes","Yes","2"
"Yes","Yes","DSL","No","No","No","Yes","Yes","Yes","","8"
"Yes","Yes","DSL","No","No","No","Yes","Yes","","","16"
"Yes","Yes","DSL","No","No","No","Yes","","","","25"
"Yes","Yes","DSL","No","No","No","","","","","78"
"Yes","Yes","DSL","No","No","Yes","No","No","No","No","6"
"Yes","Yes","DSL","No","No","Yes","No","No","No","Yes","3"
"Yes","Yes","DSL","No","No","Yes","No","No","No","","9"
"Yes","Yes","DSL","No","No","Yes","No","No","Yes","No","2"
"Yes","Yes","DSL","No","No","Yes","No","No","Yes","Yes","1"
"Yes","Yes","DSL","No","No","Yes","No","No","Yes","","3"
"Yes","Yes","DSL","No","No","Yes","No","No","","","12"
"Yes","Yes","DSL","No","No","Yes","No","Yes","No","No","3"
"Yes","Yes","DSL","No","No","Yes","No","Yes","No","","3"
"Yes","Yes","DSL","No","No","Yes","No","Yes","Yes","No","7"
"Yes","Yes","DSL","No","No","Yes","No","Yes","Yes","","7"
"Yes","Yes","DSL","No","No","Yes","No","Yes","","","10"
"Yes","Yes","DSL","No","No","Yes","No","","","","22"
"Yes","Yes","DSL","No","No","Yes","Yes","No","No","No","5"
"Yes","Yes","DSL","No","No","Yes","Yes","No","No","Yes","1"
"Yes","Yes","DSL","No","No","Yes","Yes","No","No","","6"
"Yes","Yes","DSL","No","No","Yes","Yes","No","Yes","No","4"
"Yes","Yes","DSL","No","No","Yes","Yes","No","Yes","","4"
"Yes","Yes","DSL","No","No","Yes","Yes","No","","","10"
"Yes","Yes","DSL","No","No","Yes","Yes","Yes","No","No","3"
"Yes","Yes","DSL","No","No","Yes","Yes","Yes","No","Yes","1"
"Yes","Yes","DSL","No","No","Yes","Yes","Yes","No","","4"
"Yes","Yes","DSL","No","No","Yes","Yes","Yes","Yes","No","11"
"Yes","Yes","DSL","No","No","Yes","Yes","Yes","Yes","Yes","1"
"Yes","Yes","DSL","No","No","Yes","Yes","Yes","Yes","","12"
"Yes","Yes","DSL","No","No","Yes","Yes","Yes","","","16"
"Yes","Yes","DSL","No","No","Yes","Yes","","","","26"
"Yes","Yes","DSL","No","No","Yes","","","","","48"
"Yes","Yes","DSL","No","No","","","","","","126"
"Yes","Yes","DSL","No","Yes","No","No","No","No","No","15"
"Yes","Yes","DSL","No","Yes","No","No","No","No","Yes","2"
"Yes","Yes","DSL","No","Yes","No","No","No","No","","17"
"Yes","Yes","DSL","No","Yes","No","No","No","Yes","No","3"
"Yes","Yes","DSL","No","Yes","No","No","No","Yes","","3"
"Yes","Yes","DSL","No","Yes","No","No","No","","","20"
"Yes","Yes","DSL","No","Yes","No","No","Yes","No","No","2"
"Yes","Yes","DSL","No","Yes","No","No","Yes","No","","2"
"Yes","Yes","DSL","No","Yes","No","No","Yes","Yes","No","2"
"Yes","Yes","DSL","No","Yes","No","No","Yes","Yes","","2"
"Yes","Yes","DSL","No","Yes","No","No","Yes","","","4"
"Yes","Yes","DSL","No","Yes","No","No","","","","24"
"Yes","Yes","DSL","No","Yes","No","Yes","No","No","No","2"
"Yes","Yes","DSL","No","Yes","No","Yes","No","No","Yes","3"
"Yes","Yes","DSL","No","Yes","No","Yes","No","No","","5"
"Yes","Yes","DSL","No","Yes","No","Yes","No","Yes","No","6"
"Yes","Yes","DSL","No","Yes","No","Yes","No","Yes","","6"
"Yes","Yes","DSL","No","Yes","No","Yes","No","","","11"
"Yes","Yes","DSL","No","Yes","No","Yes","Yes","No","No","6"
"Yes","Yes","DSL","No","Yes","No","Yes","Yes","No","","6"
"Yes","Yes","DSL","No","Yes","No","Yes","Yes","Yes","No","8"
"Yes","Yes","DSL","No","Yes","No","Yes","Yes","Yes","Yes","1"
"Yes","Yes","DSL","No","Yes","No","Yes","Yes","Yes","","9"
"Yes","Yes","DSL","No","Yes","No","Yes","Yes","","","15"
"Yes","Yes","DSL","No","Yes","No","Yes","","","","26"
"Yes","Yes","DSL","No","Yes","No","","","","","50"
"Yes","Yes","DSL","No","Yes","Yes","No","No","No","No","3"
"Yes","Yes","DSL","No","Yes","Yes","No","No","No","","3"
"Yes","Yes","DSL","No","Yes","Yes","No","No","Yes","No","5"
"Yes","Yes","DSL","No","Yes","Yes","No","No","Yes","","5"
"Yes","Yes","DSL","No","Yes","Yes","No","No","","","8"
"Yes","Yes","DSL","No","Yes","Yes","No","Yes","No","No","5"
"Yes","Yes","DSL","No","Yes","Yes","No","Yes","No","","5"
"Yes","Yes","DSL","No","Yes","Yes","No","Yes","Yes","No","9"
"Yes","Yes","DSL","No","Yes","Yes","No","Yes","Yes","Yes","1"
"Yes","Yes","DSL","No","Yes","Yes","No","Yes","Yes","","10"
"Yes","Yes","DSL","No","Yes","Yes","No","Yes","","","15"
"Yes","Yes","DSL","No","Yes","Yes","No","","","","23"
"Yes","Yes","DSL","No","Yes","Yes","Yes","No","No","No","2"
"Yes","Yes","DSL","No","Yes","Yes","Yes","No","No","","2"
"Yes","Yes","DSL","No","Yes","Yes","Yes","No","Yes","No","4"
"Yes","Yes","DSL","No","Yes","Yes","Yes","No","Yes","Yes","1"
"Yes","Yes","DSL","No","Yes","Yes","Yes","No","Yes","","5"
"Yes","Yes","DSL","No","Yes","Yes","Yes","No","","","7"
"Yes","Yes","DSL","No","Yes","Yes","Yes","Yes","No","No","6"
"Yes","Yes","DSL","No","Yes","Yes","Yes","Yes","No","","6"
"Yes","Yes","DSL","No","Yes","Yes","Yes","Yes","Yes","No","20"
"Yes","Yes","DSL","No","Yes","Yes","Yes","Yes","Yes","","20"
"Yes","Yes","DSL","No","Yes","Yes","Yes","Yes","","","26"
"Yes","Yes","DSL","No","Yes","Yes","Yes","","","","33"
"Yes","Yes","DSL","No","Yes","Yes","","","","","56"
"Yes","Yes","DSL","No","Yes","","","","","","106"
"Yes","Yes","DSL","No","","","","","","","232"
"Yes","Yes","DSL","Yes","No","No","No","No","No","No","14"
"Yes","Yes","DSL","Yes","No","No","No","No","No","Yes","6"
"Yes","Yes","DSL","Yes","No","No","No","No","No","","20"
"Yes","Yes","DSL","Yes","No","No","No","No","Yes","No","6"
"Yes","Yes","DSL","Yes","No","No","No","No","Yes","","6"
"Yes","Yes","DSL","Yes","No","No","No","No","","","26"
"Yes","Yes","DSL","Yes","No","No","No","Yes","No","No","4"
"Yes","Yes","DSL","Yes","No","No","No","Yes","No","","4"
"Yes","Yes","DSL","Yes","No","No","No","Yes","Yes","No","5"
"Yes","Yes","DSL","Yes","No","No","No","Yes","Yes","","5"
"Yes","Yes","DSL","Yes","No","No","No","Yes","","","9"
"Yes","Yes","DSL","Yes","No","No","No","","","","35"
"Yes","Yes","DSL","Yes","No","No","Yes","No","No","No","10"
"Yes","Yes","DSL","Yes","No","No","Yes","No","No","Yes","1"
"Yes","Yes","DSL","Yes","No","No","Yes","No","No","","11"
"Yes","Yes","DSL","Yes","No","No","Yes","No","Yes","No","7"
"Yes","Yes","DSL","Yes","No","No","Yes","No","Yes","Yes","1"
"Yes","Yes","DSL","Yes","No","No","Yes","No","Yes","","8"
"Yes","Yes","DSL","Yes","No","No","Yes","No","","","19"
"Yes","Yes","DSL","Yes","No","No","Yes","Yes","No","No","4"
"Yes","Yes","DSL","Yes","No","No","Yes","Yes","No","","4"
"Yes","Yes","DSL","Yes","No","No","Yes","Yes","Yes","No","4"
"Yes","Yes","DSL","Yes","No","No","Yes","Yes","Yes","Yes","1"
"Yes","Yes","DSL","Yes","No","No","Yes","Yes","Yes","","5"
"Yes","Yes","DSL","Yes","No","No","Yes","Yes","","","9"
"Yes","Yes","DSL","Yes","No","No","Yes","","","","28"
"Yes","Yes","DSL","Yes","No","No","","","","","63"
"Yes","Yes","DSL","Yes","No","Yes","No","No","No","No","4"
"Yes","Yes","DSL","Yes","No","Yes","No","No","No","","4"
"Yes","Yes","DSL","Yes","No","Yes","No","No","Yes","No","2"
"Yes","Yes","DSL","Yes","No","Yes","No","No","Yes","","2"
"Yes","Yes","DSL","Yes","No","Yes","No","No","","","6"
"Yes","Yes","DSL","Yes","No","Yes","No","Yes","No","No","4"
"Yes","Yes","DSL","Yes","No","Yes","No","Yes","No","","4"
"Yes","Yes","DSL","Yes","No","Yes","No","Yes","Yes","No","5"
"Yes","Yes","DSL","Yes","No","Yes","No","Yes","Yes","Yes","1"
"Yes","Yes","DSL","Yes","No","Yes","No","Yes","Yes","","6"
"Yes","Yes","DSL","Yes","No","Yes","No","Yes","","","10"
"Yes","Yes","DSL","Yes","No","Yes","No","","","","16"
"Yes","Yes","DSL","Yes","No","Yes","Yes","No","No","No","6"
"Yes","Yes","DSL","Yes","No","Yes","Yes","No","No","Yes","3"
"Yes","Yes","DSL","Yes","No","Yes","Yes","No","No","","9"
"Yes","Yes","DSL","Yes","No","Yes","Yes","No","Yes","No","10"
"Yes","Yes","DSL","Yes","No","Yes","Yes","No","Yes","","10"
"Yes","Yes","DSL","Yes","No","Yes","Yes","No","","","19"
"Yes","Yes","DSL","Yes","No","Yes","Yes","Yes","No","No","6"
"Yes","Yes","DSL","Yes","No","Yes","Yes","Yes","No","Yes","1"
"Yes","Yes","DSL","Yes","No","Yes","Yes","Yes","No","","7"
"Yes","Yes","DSL","Yes","No","Yes","Yes","Yes","Yes","No","23"
"Yes","Yes","DSL","Yes","No","Yes","Yes","Yes","Yes","Yes","1"
"Yes","Yes","DSL","Yes","No","Yes","Yes","Yes","Yes","","24"
"Yes","Yes","DSL","Yes","No","Yes","Yes","Yes","","","31"
"Yes","Yes","DSL","Yes","No","Yes","Yes","","","","50"
"Yes","Yes","DSL","Yes","No","Yes","","","","","66"
"Yes","Yes","DSL","Yes","No","","","","","","129"
"Yes","Yes","DSL","Yes","Yes","No","No","No","No","No","11"
"Yes","Yes","DSL","Yes","Yes","No","No","No","No","Yes","2"
"Yes","Yes","DSL","Yes","Yes","No","No","No","No","","13"
"Yes","Yes","DSL","Yes","Yes","No","No","No","Yes","No","5"
"Yes","Yes","DSL","Yes","Yes","No","No","No","Yes","","5"
"Yes","Yes","DSL","Yes","Yes","No","No","No","","","18"
"Yes","Yes","DSL","Yes","Yes","No","No","Yes","No","No","6"
"Yes","Yes","DSL","Yes","Yes","No","No","Yes","No","","6"
"Yes","Yes","DSL","Yes","Yes","No","No","Yes","Yes","No","2"
"Yes","Yes","DSL","Yes","Yes","No","No","Yes","Yes","","2"
"Yes","Yes","DSL","Yes","Yes","No","No","Yes","","","8"
"Yes","Yes","DSL","Yes","Yes","No","No","","","","26"
"Yes","Yes","DSL","Yes","Yes","No","Yes","No","No","No","19"
"Yes","Yes","DSL","Yes","Yes","No","Yes","No","No","Yes","2"
"Yes","Yes","DSL","Yes","Yes","No","Yes","No","No","","21"
"Yes","Yes","DSL","Yes","Yes","No","Yes","No","Yes","No","4"
"Yes","Yes","DSL","Yes","Yes","No","Yes","No","Yes","","4"
"Yes","Yes","DSL","Yes","Yes","No","Yes","No","","","25"
"Yes","Yes","DSL","Yes","Yes","No","Yes","Yes","No","No","8"
"Yes","Yes","DSL","Yes","Yes","No","Yes","Yes","No","Yes","1"
"Yes","Yes","DSL","Yes","Yes","No","Yes","Yes","No","","9"
"Yes","Yes","DSL","Yes","Yes","No","Yes","Yes","Yes","No","8"
"Yes","Yes","DSL","Yes","Yes","No","Yes","Yes","Yes","","8"
"Yes","Yes","DSL","Yes","Yes","No","Yes","Yes","","","17"
"Yes","Yes","DSL","Yes","Yes","No","Yes","","","","42"
"Yes","Yes","DSL","Yes","Yes","No","","","","","68"
"Yes","Yes","DSL","Yes","Yes","Yes","No","No","No","No","10"
"Yes","Yes","DSL","Yes","Yes","Yes","No","No","No","","10"
"Yes","Yes","DSL","Yes","Yes","Yes","No","No","Yes","No","6"
"Yes","Yes","DSL","Yes","Yes","Yes","No","No","Yes","Yes","1"
"Yes","Yes","DSL","Yes","Yes","Yes","No","No","Yes","","7"
"Yes","Yes","DSL","Yes","Yes","Yes","No","No","","","17"
"Yes","Yes","DSL","Yes","Yes","Yes","No","Yes","No","No","4"
"Yes","Yes","DSL","Yes","Yes","Yes","No","Yes","No","","4"
"Yes","Yes","DSL","Yes","Yes","Yes","No","Yes","Yes","No","11"
"Yes","Yes","DSL","Yes","Yes","Yes","No","Yes","Yes","","11"
"Yes","Yes","DSL","Yes","Yes","Yes","No","Yes","","","15"
"Yes","Yes","DSL","Yes","Yes","Yes","No","","","","32"
"Yes","Yes","DSL","Yes","Yes","Yes","Yes","No","No","No","18"
"Yes","Yes","DSL","Yes","Yes","Yes","Yes","No","No","","18"
"Yes","Yes","DSL","Yes","Yes","Yes","Yes","No","Yes","No","22"
"Yes","Yes","DSL","Yes","Yes","Yes","Yes","No","Yes","","22"
"Yes","Yes","DSL","Yes","Yes","Yes","Yes","No","","","40"
"Yes","Yes","DSL","Yes","Yes","Yes","Yes","Yes","No","No","12"
"Yes","Yes","DSL","Yes","Yes","Yes","Yes","Yes","No","","12"
"Yes","Yes","DSL","Yes","Yes","Yes","Yes","Yes","Yes","No","75"
"Yes","Yes","DSL","Yes","Yes","Yes","Yes","Yes","Yes","Yes","1"
"Yes","Yes","DSL","Yes","Yes","Yes","Yes","Yes","Yes","","76"
"Yes","Yes","DSL","Yes","Yes","Yes","Yes","Yes","","","88"
"Yes","Yes","DSL","Yes","Yes","Yes","Yes","","","","128"
"Yes","Yes","DSL","Yes","Yes","Yes","","","","","160"
"Yes","Yes","DSL","Yes","Yes","","","","","","228"
"Yes","Yes","DSL","Yes","","","","","","","357"
"Yes","Yes","DSL","","","","","","","","589"
"Yes","Yes","Fiber optic","No","No","No","No","No","No","No","57"
"Yes","Yes","Fiber optic","No","No","No","No","No","No","Yes","83"
"Yes","Yes","Fiber optic","No","No","No","No","No","No","","140"
"Yes","Yes","Fiber optic","No","No","No","No","No","Yes","No","16"
"Yes","Yes","Fiber optic","No","No","No","No","No","Yes","Yes","49"
"Yes","Yes","Fiber optic","No","No","No","No","No","Yes","","65"
"Yes","Yes","Fiber optic","No","No","No","No","No","","","205"
"Yes","Yes","Fiber optic","No","No","No","No","Yes","No","No","23"
"Yes","Yes","Fiber optic","No","No","No","No","Yes","No","Yes","27"
"Yes","Yes","Fiber optic","No","No","No","No","Yes","No","","50"
"Yes","Yes","Fiber optic","No","No","No","No","Yes","Yes","No","34"
"Yes","Yes","Fiber optic","No","No","No","No","Yes","Yes","Yes","63"
"Yes","Yes","Fiber optic","No","No","No","No","Yes","Yes","","97"
"Yes","Yes","Fiber optic","No","No","No","No","Yes","","","147"
"Yes","Yes","Fiber optic","No","No","No","No","","","","352"
"Yes","Yes","Fiber optic","No","No","No","Yes","No","No","No","10"
"Yes","Yes","Fiber optic","No","No","No","Yes","No","No","Yes","6"
"Yes","Yes","Fiber optic","No","No","No","Yes","No","No","","16"
"Yes","Yes","Fiber optic","No","No","No","Yes","No","Yes","No","8"
"Yes","Yes","Fiber optic","No","No","No","Yes","No","Yes","Yes","2"
"Yes","Yes","Fiber optic","No","No","No","Yes","No","Yes","","10"
"Yes","Yes","Fiber optic","No","No","No","Yes","No","","","26"
"Yes","Yes","Fiber optic","No","No","No","Yes","Yes","No","No","2"
"Yes","Yes","Fiber optic","No","No","No","Yes","Yes","No","Yes","7"
"Yes","Yes","Fiber optic","No","No","No","Yes","Yes","No","","9"
"Yes","Yes","Fiber optic","No","No","No","Yes","Yes","Yes","No","17"
"Yes","Yes","Fiber optic","No","No","No","Yes","Yes","Yes","Yes","8"
"Yes","Yes","Fiber optic","No","No","No","Yes","Yes","Yes","","25"
"Yes","Yes","Fiber optic","No","No","No","Yes","Yes","","","34"
"Yes","Yes","Fiber optic","No","No","No","Yes","","","","60"
"Yes","Yes","Fiber optic","No","No","No","","","","","412"
"Yes","Yes","Fiber optic","No","No","Yes","No","No","No","No","13"
"Yes","Yes","Fiber optic","No","No","Yes","No","No","No","Yes","13"
"Yes","Yes","Fiber optic","No","No","Yes","No","No","No","","26"
"Yes","Yes","Fiber optic","No","No","Yes","No","No","Yes","No","14"
"Yes","Yes","Fiber optic","No","No","Yes","No","No","Yes","Yes","10"
"Yes","Yes","Fiber optic","No","No","Yes","No","No","Yes","","24"
"Yes","Yes","Fiber optic","No","No","Yes","No","No","","","50"
"Yes","Yes","Fiber optic","No","No","Yes","No","Yes","No","No","17"
"Yes","Yes","Fiber optic","No","No","Yes","No","Yes","No","Yes","10"
"Yes","Yes","Fiber optic","No","No","Yes","No","Yes","No","","27"
"Yes","Yes","Fiber optic","No","No","Yes","No","Yes","Yes","No","41"
"Yes","Yes","Fiber optic","No","No","Yes","No","Yes","Yes","Yes","46"
"Yes","Yes","Fiber optic","No","No","Yes","No","Yes","Yes","","87"
"Yes","Yes","Fiber optic","No","No","Yes","No","Yes","","","114"
"Yes","Yes","Fiber optic","No","No","Yes","No","","","","164"
"Yes","Yes","Fiber optic","No","No","Yes","Yes","No","No","No","6"
"Yes","Yes","Fiber optic","No","No","Yes","Yes","No","No","Yes","3"
"Yes","Yes","Fiber optic","No","No","Yes","Yes","No","No","","9"
"Yes","Yes","Fiber optic","No","No","Yes","Yes","No","Yes","No","5"
"Yes","Yes","Fiber optic","No","No","Yes","Yes","No","Yes","Yes","1"
"Yes","Yes","Fiber optic","No","No","Yes","Yes","No","Yes","","6"
"Yes","Yes","Fiber optic","No","No","Yes","Yes","No","","","15"
"Yes","Yes","Fiber optic","No","No","Yes","Yes","Yes","No","No","7"
"Yes","Yes","Fiber optic","No","No","Yes","Yes","Yes","No","","7"
"Yes","Yes","Fiber optic","No","No","Yes","Yes","Yes","Yes","No","26"
"Yes","Yes","Fiber optic","No","No","Yes","Yes","Yes","Yes","Yes","20"
"Yes","Yes","Fiber optic","No","No","Yes","Yes","Yes","Yes","","46"
"Yes","Yes","Fiber optic","No","No","Yes","Yes","Yes","","","53"
"Yes","Yes","Fiber optic","No","No","Yes","Yes","","","","68"
"Yes","Yes","Fiber optic","No","No","Yes","","","","","232"
"Yes","Yes","Fiber optic","No","No","","","","","","644"
"Yes","Yes","Fiber optic","No","Yes","No","No","No","No","No","27"
"Yes","Yes","Fiber optic","No","Yes","No","No","No","No","Yes","27"
"Yes","Yes","Fiber optic","No","Yes","No","No","No","No","","54"
"Yes","Yes","Fiber optic","No","Yes","No","No","No","Yes","No","13"
"Yes","Yes","Fiber optic","No","Yes","No","No","No","Yes","Yes","12"
"Yes","Yes","Fiber optic","No","Yes","No","No","No","Yes","","25"
"Yes","Yes","Fiber optic","No","Yes","No","No","No","","","79"
"Yes","Yes","Fiber optic","No","Yes","No","No","Yes","No","No","16"
"Yes","Yes","Fiber optic","No","Yes","No","No","Yes","No","Yes","15"
"Yes","Yes","Fiber optic","No","Yes","No","No","Yes","No","","31"
"Yes","Yes","Fiber optic","No","Yes","No","No","Yes","Yes","No","33"
"Yes","Yes","Fiber optic","No","Yes","No","No","Yes","Yes","Yes","31"
"Yes","Yes","Fiber optic","No","Yes","No","No","Yes","Yes","","64"
"Yes","Yes","Fiber optic","No","Yes","No","No","Yes","","","95"
"Yes","Yes","Fiber optic","No","Yes","No","No","","","","174"
"Yes","Yes","Fiber optic","No","Yes","No","Yes","No","No","No","4"
"Yes","Yes","Fiber optic","No","Yes","No","Yes","No","No","Yes","3"
"Yes","Yes","Fiber optic","No","Yes","No","Yes","No","No","","7"
"Yes","Yes","Fiber optic","No","Yes","No","Yes","No","Yes","No","7"
"Yes","Yes","Fiber optic","No","Yes","No","Yes","No","Yes","Yes","2"
"Yes","Yes","Fiber optic","No","Yes","No","Yes","No","Yes","","9"
"Yes","Yes","Fiber optic","No","Yes","No","Yes","No","","","16"
"Yes","Yes","Fiber optic","No","Yes","No","Yes","Yes","No","No","6"
"Yes","Yes","Fiber optic","No","Yes","No","Yes","Yes","No","Yes","3"
"Yes","Yes","Fiber optic","No","Yes","No","Yes","Yes","No","","9"
"Yes","Yes","Fiber optic","No","Yes","No","Yes","Yes","Yes","No","27"
"Yes","Yes","Fiber optic","No","Yes","No","Yes","Yes","Yes","Yes","4"
"Yes","Yes","Fiber optic","No","Yes","No","Yes","Yes","Yes","","31"
"Yes","Yes","Fiber optic","No","Yes","No","Yes","Yes","","","40"
"Yes","Yes","Fiber optic","No","Yes","No","Yes","","","","56"
"Yes","Yes","Fiber optic","No","Yes","No","","","","","230"
"Yes","Yes","Fiber optic","No","Yes","Yes","No","No","No","No","10"
"Yes","Yes","Fiber optic","No","Yes","Yes","No","No","No","Yes","10"
"Yes","Yes","Fiber optic","No","Yes","Yes","No","No","No","","20"
"Yes","Yes","Fiber optic","No","Yes","Yes","No","No","Yes","No","19"
"Yes","Yes","Fiber optic","No","Yes","Yes","No","No","Yes","Yes","8"
"Yes","Yes","Fiber optic","No","Yes","Yes","No","No","Yes","","27"
"Yes","Yes","Fiber optic","No","Yes","Yes","No","No","","","47"
"Yes","Yes","Fiber optic","No","Yes","Yes","No","Yes","No","No","14"
"Yes","Yes","Fiber optic","No","Yes","Yes","No","Yes","No","Yes","7"
"Yes","Yes","Fiber optic","No","Yes","Yes","No","Yes","No","","21"
"Yes","Yes","Fiber optic","No","Yes","Yes","No","Yes","Yes","No","61"
"Yes","Yes","Fiber optic","No","Yes","Yes","No","Yes","Yes","Yes","55"
"Yes","Yes","Fiber optic","No","Yes","Yes","No","Yes","Yes","","116"
"Yes","Yes","Fiber optic","No","Yes","Yes","No","Yes","","","137"
"Yes","Yes","Fiber optic","No","Yes","Yes","No","","","","184"
"Yes","Yes","Fiber optic","No","Yes","Yes","Yes","No","No","No","9"
"Yes","Yes","Fiber optic","No","Yes","Yes","Yes","No","No","Yes","2"
"Yes","Yes","Fiber optic","No","Yes","Yes","Yes","No","No","","11"
"Yes","Yes","Fiber optic","No","Yes","Yes","Yes","No","Yes","No","4"
"Yes","Yes","Fiber optic","No","Yes","Yes","Yes","No","Yes","Yes","1"
"Yes","Yes","Fiber optic","No","Yes","Yes","Yes","No","Yes","","5"
"Yes","Yes","Fiber optic","No","Yes","Yes","Yes","No","","","16"
"Yes","Yes","Fiber optic","No","Yes","Yes","Yes","Yes","No","No","4"
"Yes","Yes","Fiber optic","No","Yes","Yes","Yes","Yes","No","","4"
"Yes","Yes","Fiber optic","No","Yes","Yes","Yes","Yes","Yes","No","63"
"Yes","Yes","Fiber optic","No","Yes","Yes","Yes","Yes","Yes","Yes","18"
"Yes","Yes","Fiber optic","No","Yes","Yes","Yes","Yes","Yes","","81"
"Yes","Yes","Fiber optic","No","Yes","Yes","Yes","Yes","","","85"
"Yes","Yes","Fiber optic","No","Yes","Yes","Yes","","","","101"
"Yes","Yes","Fiber optic","No","Yes","Yes","","","","","285"
"Yes","Yes","Fiber optic","No","Yes","","","","","","515"
"Yes","Yes","Fiber optic","No","","","","","","","1159"
"Yes","Yes","Fiber optic","Yes","No","No","No","No","No","No","20"
"Yes","Yes","Fiber optic","Yes","No","No","No","No","No","Yes","7"
"Yes","Yes","Fiber optic","Yes","No","No","No","No","No","","27"
"Yes","Yes","Fiber optic","Yes","No","No","No","No","Yes","No","6"
"Yes","Yes","Fiber optic","Yes","No","No","No","No","Yes","Yes","1"
"Yes","Yes","Fiber optic","Yes","No","No","No","No","Yes","","7"
"Yes","Yes","Fiber optic","Yes","No","No","No","No","","","34"
"Yes","Yes","Fiber optic","Yes","No","No","No","Yes","No","No","8"
"Yes","Yes","Fiber optic","Yes","No","No","No","Yes","No","Yes","3"
"Yes","Yes","Fiber optic","Yes","No","No","No","Yes","No","","11"
"Yes","Yes","Fiber optic","Yes","No","No","No","Yes","Yes","No","16"
"Yes","Yes","Fiber optic","Yes","No","No","No","Yes","Yes","Yes","11"
"Yes","Yes","Fiber optic","Yes","No","No","No","Yes","Yes","","27"
"Yes","Yes","Fiber optic","Yes","No","No","No","Yes","","","38"
"Yes","Yes","Fiber optic","Yes","No","No","No","","","","72"
"Yes","Yes","Fiber optic","Yes","No","No","Yes","No","No","No","5"
"Yes","Yes","Fiber optic","Yes","No","No","Yes","No","No","","5"
"Yes","Yes","Fiber optic","Yes","No","No","Yes","No","Yes","No","3"
"Yes","Yes","Fiber optic","Yes","No","No","Yes","No","Yes","Yes","1"
"Yes","Yes","Fiber optic","Yes","No","No","Yes","No","Yes","","4"
"Yes","Yes","Fiber optic","Yes","No","No","Yes","No","","","9"
"Yes","Yes","Fiber optic","Yes","No","No","Yes","Yes","No","No","1"
"Yes","Yes","Fiber optic","Yes","No","No","Yes","Yes","No","Yes","1"
"Yes","Yes","Fiber optic","Yes","No","No","Yes","Yes","No","","2"
"Yes","Yes","Fiber optic","Yes","No","No","Yes","Yes","Yes","No","5"
"Yes","Yes","Fiber optic","Yes","No","No","Yes","Yes","Yes","Yes","2"
"Yes","Yes","Fiber optic","Yes","No","No","Yes","Yes","Yes","","7"
"Yes","Yes","Fiber optic","Yes","No","No","Yes","Yes","","","9"
"Yes","Yes","Fiber optic","Yes","No","No","Yes","","","","18"
"Yes","Yes","Fiber optic","Yes","No","No","","","","","90"
"Yes","Yes","Fiber optic","Yes","No","Yes","No","No","No","No","7"
"Yes","Yes","Fiber optic","Yes","No","Yes","No","No","No","Yes","3"
"Yes","Yes","Fiber optic","Yes","No","Yes","No","No","No","","10"
"Yes","Yes","Fiber optic","Yes","No","Yes","No","No","Yes","No","4"
"Yes","Yes","Fiber optic","Yes","No","Yes","No","No","Yes","","4"
"Yes","Yes","Fiber optic","Yes","No","Yes","No","No","","","14"
"Yes","Yes","Fiber optic","Yes","No","Yes","No","Yes","No","No","5"
"Yes","Yes","Fiber optic","Yes","No","Yes","No","Yes","No","Yes","2"
"Yes","Yes","Fiber optic","Yes","No","Yes","No","Yes","No","","7"
"Yes","Yes","Fiber optic","Yes","No","Yes","No","Yes","Yes","No","19"
"Yes","Yes","Fiber optic","Yes","No","Yes","No","Yes","Yes","Yes","12"
"Yes","Yes","Fiber optic","Yes","No","Yes","No","Yes","Yes","","31"
"Yes","Yes","Fiber optic","Yes","No","Yes","No","Yes","","","38"
"Yes","Yes","Fiber optic","Yes","No","Yes","No","","","","52"
"Yes","Yes","Fiber optic","Yes","No","Yes","Yes","No","No","No","2"
"Yes","Yes","Fiber optic","Yes","No","Yes","Yes","No","No","","2"
"Yes","Yes","Fiber optic","Yes","No","Yes","Yes","No","Yes","No","5"
"Yes","Yes","Fiber optic","Yes","No","Yes","Yes","No","Yes","Yes","1"
"Yes","Yes","Fiber optic","Yes","No","Yes","Yes","No","Yes","","6"
"Yes","Yes","Fiber optic","Yes","No","Yes","Yes","No","","","8"
"Yes","Yes","Fiber optic","Yes","No","Yes","Yes","Yes","No","No","2"
"Yes","Yes","Fiber optic","Yes","No","Yes","Yes","Yes","No","","2"
"Yes","Yes","Fiber optic","Yes","No","Yes","Yes","Yes","Yes","No","29"
"Yes","Yes","Fiber optic","Yes","No","Yes","Yes","Yes","Yes","Yes","5"
"Yes","Yes","Fiber optic","Yes","No","Yes","Yes","Yes","Yes","","34"
"Yes","Yes","Fiber optic","Yes","No","Yes","Yes","Yes","","","36"
"Yes","Yes","Fiber optic","Yes","No","Yes","Yes","","","","44"
"Yes","Yes","Fiber optic","Yes","No","Yes","","","","","96"
"Yes","Yes","Fiber optic","Yes","No","","","","","","186"
"Yes","Yes","Fiber optic","Yes","Yes","No","No","No","No","No","11"
"Yes","Yes","Fiber optic","Yes","Yes","No","No","No","No","Yes","1"
"Yes","Yes","Fiber optic","Yes","Yes","No","No","No","No","","12"
"Yes","Yes","Fiber optic","Yes","Yes","No","No","No","Yes","No","11"
"Yes","Yes","Fiber optic","Yes","Yes","No","No","No","Yes","Yes","7"
"Yes","Yes","Fiber optic","Yes","Yes","No","No","No","Yes","","18"
"Yes","Yes","Fiber optic","Yes","Yes","No","No","No","","","30"
"Yes","Yes","Fiber optic","Yes","Yes","No","No","Yes","No","No","13"
"Yes","Yes","Fiber optic","Yes","Yes","No","No","Yes","No","Yes","5"
"Yes","Yes","Fiber optic","Yes","Yes","No","No","Yes","No","","18"
"Yes","Yes","Fiber optic","Yes","Yes","No","No","Yes","Yes","No","11"
"Yes","Yes","Fiber optic","Yes","Yes","No","No","Yes","Yes","Yes","7"
"Yes","Yes","Fiber optic","Yes","Yes","No","No","Yes","Yes","","18"
"Yes","Yes","Fiber optic","Yes","Yes","No","No","Yes","","","36"
"Yes","Yes","Fiber optic","Yes","Yes","No","No","","","","66"
"Yes","Yes","Fiber optic","Yes","Yes","No","Yes","No","No","No","7"
"Yes","Yes","Fiber optic","Yes","Yes","No","Yes","No","No","","7"
"Yes","Yes","Fiber optic","Yes","Yes","No","Yes","No","Yes","No","2"
"Yes","Yes","Fiber optic","Yes","Yes","No","Yes","No","Yes","Yes","1"
"Yes","Yes","Fiber optic","Yes","Yes","No","Yes","No","Yes","","3"
"Yes","Yes","Fiber optic","Yes","Yes","No","Yes","No","","","10"
"Yes","Yes","Fiber optic","Yes","Yes","No","Yes","Yes","No","No","5"
"Yes","Yes","Fiber optic","Yes","Yes","No","Yes","Yes","No","Yes","1"
"Yes","Yes","Fiber optic","Yes","Yes","No","Yes","Yes","No","","6"
"Yes","Yes","Fiber optic","Yes","Yes","No","Yes","Yes","Yes","No","12"
"Yes","Yes","Fiber optic","Yes","Yes","No","Yes","Yes","Yes","Yes","4"
"Yes","Yes","Fiber optic","Yes","Yes","No","Yes","Yes","Yes","","16"
"Yes","Yes","Fiber optic","Yes","Yes","No","Yes","Yes","","","22"
"Yes","Yes","Fiber optic","Yes","Yes","No","Yes","","","","32"
"Yes","Yes","Fiber optic","Yes","Yes","No","","","","","98"
"Yes","Yes","Fiber optic","Yes","Yes","Yes","No","No","No","No","12"
"Yes","Yes","Fiber optic","Yes","Yes","Yes","No","No","No","Yes","3"
"Yes","Yes","Fiber optic","Yes","Yes","Yes","No","No","No","","15"
"Yes","Yes","Fiber optic","Yes","Yes","Yes","No","No","Yes","No","8"
"Yes","Yes","Fiber optic","Yes","Yes","Yes","No","No","Yes","Yes","1"
"Yes","Yes","Fiber optic","Yes","Yes","Yes","No","No","Yes","","9"
"Yes","Yes","Fiber optic","Yes","Yes","Yes","No","No","","","24"
"Yes","Yes","Fiber optic","Yes","Yes","Yes","No","Yes","No","No","8"
"Yes","Yes","Fiber optic","Yes","Yes","Yes","No","Yes","No","Yes","5"
"Yes","Yes","Fiber optic","Yes","Yes","Yes","No","Yes","No","","13"
"Yes","Yes","Fiber optic","Yes","Yes","Yes","No","Yes","Yes","No","40"
"Yes","Yes","Fiber optic","Yes","Yes","Yes","No","Yes","Yes","Yes","8"
"Yes","Yes","Fiber optic","Yes","Yes","Yes","No","Yes","Yes","","48"
"Yes","Yes","Fiber optic","Yes","Yes","Yes","No","Yes","","","61"
"Yes","Yes","Fiber optic","Yes","Yes","Yes","No","","","","85"
"Yes","Yes","Fiber optic","Yes","Yes","Yes","Yes","No","No","No","13"
"Yes","Yes","Fiber optic","Yes","Yes","Yes","Yes","No","No","Yes","1"
"Yes","Yes","Fiber optic","Yes","Yes","Yes","Yes","No","No","","14"
"Yes","Yes","Fiber optic","Yes","Yes","Yes","Yes","No","Yes","No","11"
"Yes","Yes","Fiber optic","Yes","Yes","Yes","Yes","No","Yes","","11"
"Yes","Yes","Fiber optic","Yes","Yes","Yes","Yes","No","","","25"
"Yes","Yes","Fiber optic","Yes","Yes","Yes","Yes","Yes","No","No","10"
"Yes","Yes","Fiber optic","Yes","Yes","Yes","Yes","Yes","No","Yes","1"
"Yes","Yes","Fiber optic","Yes","Yes","Yes","Yes","Yes","No","","11"
"Yes","Yes","Fiber optic","Yes","Yes","Yes","Yes","Yes","Yes","No","101"
"Yes","Yes","Fiber optic","Yes","Yes","Yes","Yes","Yes","Yes","Yes","10"
"Yes","Yes","Fiber optic","Yes","Yes","Yes","Yes","Yes","Yes","","111"
"Yes","Yes","Fiber optic","Yes","Yes","Yes","Yes","Yes","","","122"
"Yes","Yes","Fiber optic","Yes","Yes","Yes","Yes","","","","147"
"Yes","Yes","Fiber optic","Yes","Yes","Yes","","","","","232"
"Yes","Yes","Fiber optic","Yes","Yes","","","","","","330"
"Yes","Yes","Fiber optic","Yes","","","","","","","516"
"Yes","Yes","Fiber optic","","","","","","","","1675"
"Yes","Yes","","","","","","","","","2563"
"Yes","","","","","","","","","","5527"
"","","","","","","","","","","6132"
